medication,
ssri,
zoloft,
sertraline,
escitalopram,
lexapro,
cipralex,
prozac,
fluoxetine,
rapiflux,
sarafem,
selfemra,
prozep,
olena,
oxactin,
seroquel,
quetiapine,
lamictal,
lamotrigine,
ndri,
bupropion,
wellbutrin,
psylocibine,
benzodiazepine,
xanax,
alprazolam,
alprax,
alprocontin,
alzam,
alzolam,
anzilum,
apo-alpraz,
helex,
kalma,
mylan-alprazolam,
niravam,
novo-alprazol,
nu-alpraz,
pacyl,
restyl,
tranax,
trika,
xycalm,
xanor,
zolam,
zopax,
citalopram,
celexa,
symbyax,
fluvoxamine,
luvox,
paroxetine,
paxil,
pexeva,
vilazodone,
viibryd,
abilify,
aristada,
aripiprazole,
olanzapine,
zyprexa,
haloperidol,
haldol,
risperdal,
risperidone,
faverin,
seroxat,
lustral,
elontril,
gabapentin,
rexulti,
brexpiprazole,
trileptal,
oxtellar,
oxcarbazepine,
esketamine,
spravato,
ketanest,
snri,
effexor,
venlafaxine,
adefaxin,
alenthus,
altven,
alventa,
amfax,
anapresin,
ansifix,
arafaxina,
argofan,
axone,
axyven,
benolaxe,
dalium,
defaxine,
depefex,
depretaxer,
deprevix,
deprexor,
deprixol,
depurol,
desinax,
dislaven,
dobupal,
duofaxin,
ectien,
eduxon,
efastad,
efaxin,
efaxine,
efectin,
efegen,
efevelon,
efevelone,
efexiva,
efexor,
effegad,
effexine,
elafax,
elaxine,
enpress,
enlafax,
envelaf,
falven,
faxigen,
faxine,
faxiprol,
faxiven,
faxolet,
flavix,
flaxen,
fobiless,
ganavax,
idixor,
idoxen,
intefred,
illovex,
lafactin,
lafaxin,
lanvexin,
laroxin,
levest,
linexel,
maxibral,
melocin,
memomax,
mezine,
neoxacina,
nervix,
norafexine,
norezor,
norpilen,
noviser,
nulev,
odiven,
olwexya,
oriven,
paxifar,
politid,
pracet,
prefaxine,
psiseven,
quilarex,
rafax,
senexon,
sentidol,
sentosa,
serosmine,
seroxine,
sesaren,
subelan,
sulinex,
sunveniz,
sunvex,
symfaxin,
tedema,
tifaxin,
tonpular,
trevilor,
vafexin,
valosine,
vandral,
velaf,
velafax,
velahibin,
velaxin,
velaxor,
velept,
velpine,
venax,
venaxin,
venaxx,
vencarm,
vencontrol,
vendep,
venegis,
venex,
venexor,
venfalex,
venfax,
ven-fax,
venfaxine,
venforin,
venforspine,
veniba,
veniz,
venjoy,
venla,
venlabax,
venlablue,
venlabrain,
venladep,
venladex,
venladoz,
venlaf,
venlafab,
venlafaxin,
venlafaxina,
venlafaxine,
venlagamma,
venlalic,
venlamax,
venlamylan,
venlaneo,
venlapine,
venla-q,
venlasand,
venlatrin,
venlavitae,
venlax,
venlaxin,
venlaxine,
venlaxor,
venlazid,
venlectine,
venlifax,
venlift,
venlix,
venlobax,
venlofex,
venlor,
venorion,
venozap,
vensate,
ventab,
venxin,
venxor,
vextor,
venzip,
vexamode,
viepax,
viepax,
voxafen,
zacalen,
zanfexa,
zaredrop,
zarelis,
zarelix,
zenexor,
medicinal marijuana,
cymbalta,
duloxetine,
ariclaim,
yentreve,
topamax,
topiramate,
trokendi,
qudexy,
valium,
diazepam,
diastat,
trazodone,
desyrel,
adavant,
ativan,
lamectil,
lisdexamfetamine,
vyvanse,
elvanse,
adderall,
propranolol,
inderal,
hemangeol,
sari,
oleptro,
trazodone,
buspirone,
vistaril,
atarax,
khedezla,
pristiq,
desvenlafaxine,
fluanxol,
depixol,
flupentixol,
promethazine,
phenadoz,
promethegan,
phenergan,
medical cannabis,
spritam,
roweepra,
keppra,
levetiracetam,
lithium,
samidorphan,
lybalvi,
lurasidone,
latuda,
clonazepam,
klonopin,
naltrexone,
vivitrol,
revia,
maoi,
nardil,
phenelzine,
parnate,
tranylcypromine,
hydroxyzine,
chlorpromazine,
thorazine,
largactil,
vortioxetine,
trintellix,
brintellix,
stabilizers,
stabilizer,
buspirone,
buspar,
vanspar,
tegretol,
anti-depressant,
antidepressant,
ssris,
brisdelle,
antipsychotics,
anti-psychotics,
antipsychotic,
anti-psychotic,